<?xml version="1.0" encoding="UTF-8" ?>
<module>
    <name>mymodule</name>
    <displayName><![CDATA[Modulo de prueba]]></displayName>
    <version><![CDATA[1.0.0]]></version>
    <description><![CDATA[Imagen en Prefooter]]></description>
    <author><![CDATA[Julio Marichales]]></author>
    <tab><![CDATA[administration]]></tab>
	<confirmUninstall><![CDATA[Are you sure you want to uninstall?]]></confirmUninstall>
    <is_configurable>1</is_configurable>
    <need_instance>0</need_instance>
	<limited_countries></limited_countries>
</module>